Alternative,P1,P2,P3,P4,P5,Topsis Score,Rank
M7,0.6,0.36,4.9,42.2,12.02,0.324312104,1
M1,0.74,0.55,3.9,44.1,12.32,0.44288927,2
M2,0.73,0.53,6.5,45.5,13.32,0.747571075,3
M4,0.7,0.49,5.9,36.7,10.95,0.516529439,4
M5,0.76,0.58,3.2,52.1,14.16,0.489972617,5
M6,0.62,0.38,5.5,45.6,13.03,0.454508044,6
M8,0.79,0.62,5,37.5,10.98,0.554453432,7
M3,0.71,0.5,6.8,45,13.25,0.714200676,8
